Date,Employment Pop Ratio,Labor Force Participation,Unemployment Rate Men,Unemployment Rate Women
1980-01-01,60.0,64.0,5.8,6.9
1980-02-01,60.0,64.0,5.8,7.0
1980-03-01,59.7,63.7,5.9,6.9
1980-04-01,59.4,63.8,6.7,7.2
1980-05-01,59.1,63.9,7.4,7.5
1980-06-01,58.9,63.7,7.6,7.6
1980-07-01,58.8,63.8,7.8,7.8
1980-08-01,58.8,63.7,7.7,7.8
1980-09-01,58.9,63.6,7.6,7.3
1980-10-01,58.9,63.7,7.4,7.7
1980-11-01,59.0,63.8,7.3,7.6
1980-12-01,59.0,63.6,6.9,7.6
1981-01-01,59.1,63.9,7.2,7.8
1981-02-01,59.2,63.9,7.3,7.7
1981-03-01,59.4,64.1,7.1,7.7
1981-04-01,59.6,64.2,6.9,7.6
1981-05-01,59.5,64.3,7.3,7.8
1981-06-01,59.0,63.7,7.3,7.8
1981-07-01,59.1,63.8,6.9,7.7
1981-08-01,59.1,63.8,7.2,7.7
1981-09-01,58.7,63.5,7.2,8.1
1981-10-01,58.8,63.8,7.7,8.3
1981-11-01,58.6,63.9,8.1,8.4
1981-12-01,58.2,63.6,8.5,8.5
1982-01-01,58.2,63.7,8.7,8.5
1982-02-01,58.2,63.8,8.8,8.9
1982-03-01,58.1,63.8,9.1,8.9
1982-04-01,57.9,63.9,9.4,9.3
1982-05-01,58.2,64.2,9.4,9.3
1982-06-01,57.8,63.9,9.8,9.2
1982-07-01,57.7,64.0,10.0,9.6
1982-08-01,57.8,64.1,10.2,9.4
1982-09-01,57.6,64.1,10.6,9.5
1982-10-01,57.4,64.1,10.9,9.8
1982-11-01,57.3,64.2,11.1,10.2
1982-12-01,57.2,64.1,11.2,10.4
1983-01-01,57.2,63.9,10.7,10.1
1983-02-01,57.1,63.8,10.9,9.9
1983-03-01,57.1,63.7,10.7,9.8
1983-04-01,57.3,63.8,10.7,9.5
1983-05-01,57.3,63.7,10.5,9.5
1983-06-01,57.8,64.3,10.1,9.9
1983-07-01,58.1,64.1,9.8,9.0
1983-08-01,58.2,64.3,9.8,9.0
1983-09-01,58.4,64.3,9.5,8.7
1983-10-01,58.4,64.0,9.1,8.5
1983-11-01,58.7,64.1,8.6,8.2
1983-12-01,58.8,64.1,8.3,8.3
1984-01-01,58.8,63.9,8.1,7.9
1984-02-01,59.1,64.1,7.8,7.8
1984-03-01,59.1,64.1,7.7,7.8
1984-04-01,59.3,64.3,7.7,7.8
1984-05-01,59.7,64.5,7.3,7.6
1984-06-01,59.9,64.6,7.1,7.4
1984-07-01,59.8,64.6,7.4,7.6
1984-08-01,59.6,64.4,7.3,7.8
1984-09-01,59.7,64.4,7.3,7.4
1984-10-01,59.7,64.4,7.1,7.7
1984-11-01,59.8,64.5,7.0,7.4
1984-12-01,59.9,64.6,7.2,7.4
1985-01-01,59.9,64.7,7.1,7.6
1985-02-01,60.0,64.7,7.1,7.4
1985-03-01,60.2,64.9,7.0,7.5
1985-04-01,60.1,64.9,7.1,7.5
1985-05-01,60.1,64.8,6.9,7.6
1985-06-01,59.8,64.6,7.2,7.5
1985-07-01,59.9,64.7,7.2,7.6
1985-08-01,60.0,64.6,6.9,7.3
1985-09-01,60.3,64.9,6.9,7.4
1985-10-01,60.3,65.0,7.1,7.3
1985-11-01,60.4,64.9,6.9,7.2
1985-12-01,60.4,65.0,6.8,7.2
1986-01-01,60.6,64.9,6.5,6.9
1986-02-01,60.3,65.0,7.0,7.4
1986-03-01,60.5,65.1,7.0,7.4
1986-04-01,60.5,65.1,6.9,7.4
1986-05-01,60.5,65.2,7.1,7.3
1986-06-01,60.7,65.4,7.1,7.3
1986-07-01,60.8,65.4,7.1,7.0
1986-08-01,60.8,65.3,6.9,6.9
1986-09-01,60.8,65.4,7.1,6.9
1986-10-01,60.9,65.4,7.0,6.9
1986-11-01,60.9,65.4,6.9,6.9
1986-12-01,61.0,65.3,6.7,6.5
1987-01-01,61.0,65.4,6.7,6.6
1987-02-01,61.1,65.5,6.6,6.6
1987-03-01,61.2,65.5,6.5,6.7
1987-04-01,61.3,65.4,6.3,6.3
1987-05-01,61.6,65.7,6.4,6.2
1987-06-01,61.4,65.5,6.3,6.0
1987-07-01,61.6,65.6,6.1,6.0
1987-08-01,61.8,65.7,6.1,6.0
1987-09-01,61.6,65.5,5.8,6.0
1987-10-01,61.8,65.7,5.9,6.1
1987-11-01,61.9,65.7,5.7,6.0
1987-12-01,62.0,65.7,5.7,5.8
1988-01-01,62.0,65.8,5.7,5.8
1988-02-01,62.1,65.9,5.6,5.9
1988-03-01,61.9,65.7,5.7,5.7
1988-04-01,62.2,65.8,5.3,5.6
1988-05-01,62.0,65.7,5.6,5.6
1988-06-01,62.3,65.8,5.4,5.4
1988-07-01,62.3,65.9,5.3,5.5
1988-08-01,62.4,66.1,5.6,5.6
1988-09-01,62.4,65.9,5.3,5.5
1988-10-01,62.5,66.0,5.4,5.4
1988-11-01,62.7,66.2,5.3,5.3
1988-12-01,62.6,66.1,5.3,5.3
1989-01-01,62.9,66.5,5.4,5.4
1989-02-01,62.9,66.3,5.2,5.1
1989-03-01,62.9,66.3,4.9,5.2
1989-04-01,62.9,66.4,5.2,5.3
1989-05-01,62.9,66.3,5.0,5.4
1989-06-01,63.0,66.5,5.1,5.6
1989-07-01,63.0,66.5,5.0,5.6
1989-08-01,63.1,66.5,5.1,5.4
1989-09-01,62.8,66.4,5.4,5.2
1989-10-01,62.9,66.5,5.3,5.4
1989-11-01,63.0,66.6,5.4,5.4
1989-12-01,63.0,66.5,5.3,5.4
1990-01-01,63.2,66.8,5.4,5.3
1990-02-01,63.2,66.7,5.2,5.4
1990-03-01,63.2,66.7,5.2,5.3
1990-04-01,63.0,66.6,5.4,5.4
1990-05-01,63.1,66.6,5.3,5.4
1990-06-01,62.9,66.4,5.3,5.2
1990-07-01,62.8,66.5,5.6,5.4
1990-08-01,62.7,66.5,5.8,5.6
1990-09-01,62.5,66.4,5.9,5.8
1990-10-01,62.5,66.4,6.1,5.7
1990-11-01,62.3,66.4,6.4,5.9
1990-12-01,62.2,66.4,6.5,5.9
1991-01-01,62.0,66.2,6.5,6.2
1991-02-01,61.9,66.2,6.9,6.1
1991-03-01,61.8,66.3,7.2,6.3
1991-04-01,62.0,66.4,7.1,6.2
1991-05-01,61.6,66.2,7.2,6.6
1991-06-01,61.7,66.2,7.2,6.5
1991-07-01,61.6,66.1,7.2,6.3
1991-08-01,61.5,66.0,7.2,6.5
1991-09-01,61.6,66.2,7.3,6.4
1991-10-01,61.5,66.1,7.3,6.6
1991-11-01,61.4,66.1,7.4,6.7
1991-12-01,61.2,66.0,7.6,6.9
1992-01-01,61.5,66.3,7.8,6.7
1992-02-01,61.3,66.2,7.9,6.9
1992-03-01,61.5,66.4,7.9,6.9
1992-04-01,61.6,66.5,7.7,6.9
1992-05-01,61.5,66.6,8.1,7.1
1992-06-01,61.5,66.7,8.3,7.3
1992-07-01,61.6,66.7,8.0,7.3
1992-08-01,61.6,66.6,8.0,7.2
1992-09-01,61.4,66.5,8.0,7.2
1992-10-01,61.3,66.2,7.8,6.8
1992-11-01,61.4,66.3,7.8,7.0
1992-12-01,61.4,66.3,7.6,7.2
1993-01-01,61.4,66.2,7.4,7.0
1993-02-01,61.4,66.2,7.4,6.9
1993-03-01,61.5,66.2,7.5,6.5
1993-04-01,61.5,66.1,7.4,6.7
1993-05-01,61.7,66.4,7.3,6.8
1993-06-01,61.8,66.5,7.4,6.7
1993-07-01,61.8,66.4,7.2,6.5
1993-08-01,62.0,66.4,7.1,6.4
1993-09-01,61.7,66.2,7.0,6.4
1993-10-01,61.8,66.3,6.9,6.5
1993-11-01,61.9,66.3,6.7,6.5
1993-12-01,62.0,66.4,6.6,6.4
1994-01-01,62.2,66.6,6.8,6.4
1994-02-01,62.3,66.6,6.7,6.4
1994-03-01,62.1,66.5,6.5,6.5
1994-04-01,62.3,66.5,6.4,6.3
1994-05-01,62.5,66.6,6.1,6.0
1994-06-01,62.3,66.4,6.1,6.1
1994-07-01,62.3,66.4,6.3,5.9
1994-08-01,62.6,66.6,6.1,6.0
1994-09-01,62.7,66.6,5.8,5.9
1994-10-01,62.9,66.7,5.8,5.7
1994-11-01,63.0,66.7,5.6,5.6
1994-12-01,63.1,66.7,5.5,5.5
1995-01-01,63.0,66.8,5.6,5.6
1995-02-01,63.1,66.8,5.4,5.5
1995-03-01,63.1,66.7,5.3,5.5
1995-04-01,63.1,66.9,5.6,5.9
1995-05-01,62.7,66.5,5.8,5.5
1995-06-01,62.7,66.5,5.6,5.7
1995-07-01,62.8,66.6,5.6,5.8
1995-08-01,62.8,66.6,5.7,5.6
1995-09-01,62.9,66.6,5.6,5.7
1995-10-01,62.9,66.6,5.4,5.7
1995-11-01,62.8,66.5,5.7,5.5
1995-12-01,62.7,66.4,5.7,5.5
1996-01-01,62.7,66.4,5.6,5.8
1996-02-01,62.9,66.6,5.6,5.4
1996-03-01,63.0,66.6,5.6,5.3
1996-04-01,63.0,66.7,5.6,5.5
1996-05-01,63.0,66.7,5.6,5.5
1996-06-01,63.2,66.7,5.3,5.3
1996-07-01,63.3,66.9,5.5,5.4
1996-08-01,63.3,66.7,5.0,5.3
1996-09-01,63.4,66.9,5.2,5.2
1996-10-01,63.5,67.0,5.1,5.4
1996-11-01,63.4,67.0,5.3,5.4
1996-12-01,63.4,67.0,5.0,5.7
1997-01-01,63.4,67.0,5.3,5.3
1997-02-01,63.4,66.9,5.1,5.4
1997-03-01,63.6,67.1,5.1,5.2
1997-04-01,63.7,67.1,5.1,5.0
1997-05-01,63.8,67.1,4.6,5.2
1997-06-01,63.7,67.1,5.0,5.0
1997-07-01,63.9,67.2,4.8,5.0
1997-08-01,63.9,67.2,4.8,4.9
1997-09-01,63.9,67.1,4.7,5.0
1997-10-01,63.9,67.1,4.7,4.7
1997-11-01,64.1,67.2,4.6,4.7
1997-12-01,64.0,67.2,4.7,4.8
1998-01-01,64.0,67.1,4.5,4.8
1998-02-01,64.0,67.1,4.5,4.8
1998-03-01,64.0,67.1,4.6,4.8
1998-04-01,64.1,67.0,4.1,4.6
1998-05-01,64.1,67.0,4.3,4.5
1998-06-01,64.0,67.0,4.4,4.6
1998-07-01,64.0,67.0,4.6,4.5
1998-08-01,63.9,67.0,4.4,4.6
1998-09-01,64.2,67.2,4.6,4.6
1998-10-01,64.1,67.2,4.4,4.7
1998-11-01,64.2,67.1,4.3,4.6
1998-12-01,64.3,67.2,4.3,4.4
1999-01-01,64.4,67.2,4.2,4.4
1999-02-01,64.2,67.2,4.3,4.5
1999-03-01,64.2,67.0,3.9,4.4
1999-04-01,64.2,67.1,4.1,4.6
1999-05-01,64.3,67.1,4.2,4.2
1999-06-01,64.2,67.1,4.2,4.4
1999-07-01,64.2,67.1,4.2,4.5
1999-08-01,64.2,67.0,4.1,4.3
1999-09-01,64.2,67.0,4.1,4.4
1999-10-01,64.3,67.0,4.1,4.1
1999-11-01,64.4,67.1,4.0,4.2
1999-12-01,64.4,67.1,4.0,4.1
2000-01-01,64.6,67.3,3.9,4.1
2000-02-01,64.6,67.3,4.1,4.1
2000-03-01,64.6,67.3,3.8,4.3
2000-04-01,64.7,67.3,3.7,4.0
2000-05-01,64.4,67.1,3.9,4.2
2000-06-01,64.5,67.1,3.8,4.1
2000-07-01,64.2,66.9,3.9,4.2
2000-08-01,64.2,66.9,3.9,4.3
2000-09-01,64.2,66.9,3.9,4.0
2000-10-01,64.2,66.8,3.9,3.9
2000-11-01,64.3,66.9,3.9,4.0
2000-12-01,64.4,67.0,4.0,3.8
2001-01-01,64.4,67.2,4.2,4.1
2001-02-01,64.3,67.1,4.3,4.2
2001-03-01,64.3,67.2,4.3,4.2
2001-04-01,64.0,66.9,4.5,4.3
2001-05-01,63.8,66.7,4.4,4.2
2001-06-01,63.7,66.7,4.6,4.4
2001-07-01,63.7,66.8,4.6,4.5
2001-08-01,63.2,66.5,5.0,4.8
2001-09-01,63.5,66.8,4.9,5.0
2001-10-01,63.2,66.7,5.4,5.2
2001-11-01,63.0,66.7,5.7,5.4
2001-12-01,62.9,66.7,5.8,5.7
2002-01-01,62.7,66.5,5.8,5.5
2002-02-01,63.0,66.8,5.8,5.5
2002-03-01,62.8,66.6,5.9,5.6
2002-04-01,62.7,66.7,6.0,5.9
2002-05-01,62.9,66.7,5.8,5.7
2002-06-01,62.7,66.6,6.0,5.6
2002-07-01,62.7,66.5,5.9,5.7
2002-08-01,62.7,66.6,5.9,5.5
2002-09-01,63.0,66.7,5.9,5.5
2002-10-01,62.7,66.6,5.8,5.6
2002-11-01,62.5,66.4,6.1,5.6
2002-12-01,62.4,66.3,6.2,5.7
2003-01-01,62.5,66.4,6.2,5.4
2003-02-01,62.5,66.4,6.1,5.6
2003-03-01,62.4,66.3,6.1,5.7
2003-04-01,62.4,66.4,6.4,5.7
2003-05-01,62.3,66.4,6.4,5.7
2003-06-01,62.3,66.5,6.7,5.9
2003-07-01,62.1,66.2,6.6,5.7
2003-08-01,62.1,66.1,6.3,5.8
2003-09-01,62.0,66.1,6.4,5.8
2003-10-01,62.1,66.1,6.2,5.7
2003-11-01,62.3,66.1,6.2,5.4
2003-12-01,62.2,65.9,5.8,5.6
2004-01-01,62.3,66.1,5.7,5.7
2004-02-01,62.3,66.0,5.6,5.5
2004-03-01,62.2,66.0,5.8,5.8
2004-04-01,62.3,65.9,5.7,5.4
2004-05-01,62.3,66.0,5.8,5.4
2004-06-01,62.4,66.1,5.7,5.6
2004-07-01,62.5,66.1,5.5,5.5
2004-08-01,62.4,66.0,5.6,5.2
2004-09-01,62.3,65.8,5.6,5.2
2004-10-01,62.3,65.9,5.6,5.3
2004-11-01,62.5,66.0,5.5,5.2
2004-12-01,62.4,65.9,5.5,5.1
2005-01-01,62.4,65.8,5.4,5.1
2005-02-01,62.4,65.9,5.5,5.3
2005-03-01,62.4,65.9,5.3,5.1
2005-04-01,62.7,66.1,5.1,5.2
2005-05-01,62.8,66.1,5.0,5.2
2005-06-01,62.7,66.1,5.0,5.1
2005-07-01,62.8,66.1,4.9,5.1
2005-08-01,62.9,66.2,4.9,4.9
2005-09-01,62.8,66.1,5.0,5.1
2005-10-01,62.8,66.1,4.8,5.1
2005-11-01,62.7,66.0,5.0,5.1
2005-12-01,62.8,66.0,4.8,4.9
2006-01-01,62.9,66.0,4.6,4.8
2006-02-01,63.0,66.1,4.8,4.8
2006-03-01,63.1,66.2,4.7,4.7
2006-04-01,63.0,66.1,4.7,4.7
2006-05-01,63.1,66.1,4.7,4.5
2006-06-01,63.1,66.2,4.6,4.6
2006-07-01,63.0,66.1,4.7,4.7
2006-08-01,63.1,66.2,4.7,4.6
2006-09-01,63.1,66.1,4.4,4.7
2006-10-01,63.3,66.2,4.4,4.4
2006-11-01,63.3,66.3,4.5,4.5
2006-12-01,63.4,66.4,4.5,4.4
2007-01-01,63.3,66.4,4.7,4.5
2007-02-01,63.3,66.3,4.7,4.3
2007-03-01,63.3,66.2,4.5,4.3
2007-04-01,63.0,65.9,4.6,4.4
2007-05-01,63.0,66.0,4.6,4.3
2007-06-01,63.0,66.0,4.7,4.4
2007-07-01,62.9,66.0,4.7,4.6
2007-08-01,62.7,65.8,4.7,4.6
2007-09-01,62.9,66.0,4.8,4.5
2007-10-01,62.7,65.8,4.8,4.6
2007-11-01,62.9,66.0,4.8,4.6
2007-12-01,62.7,66.0,5.1,4.9
2008-01-01,62.9,66.2,5.2,4.8
2008-02-01,62.8,66.0,5.0,4.7
2008-03-01,62.7,66.1,5.2,5.0
2008-04-01,62.7,65.9,5.2,4.8
2008-05-01,62.5,66.1,5.6,5.2
2008-06-01,62.4,66.1,5.8,5.3
2008-07-01,62.2,66.1,6.2,5.3
2008-08-01,62.0,66.1,6.3,5.9
2008-09-01,61.9,66.0,6.7,5.5
2008-10-01,61.7,66.0,7.1,5.9
2008-11-01,61.4,65.9,7.4,6.2
2008-12-01,61.0,65.8,8.0,6.5
2009-01-01,60.6,65.7,8.6,7.0
2009-02-01,60.3,65.8,9.2,7.3
2009-03-01,59.9,65.6,9.7,7.6
2009-04-01,59.8,65.7,10.1,7.6
2009-05-01,59.6,65.7,10.6,8.0
2009-06-01,59.4,65.7,10.6,8.3
2009-07-01,59.3,65.5,10.5,8.3
2009-08-01,59.1,65.4,10.7,8.3
2009-09-01,58.7,65.1,10.9,8.5
2009-10-01,58.5,65.0,11.1,8.7
2009-11-01,58.6,65.0,11.0,8.6
2009-12-01,58.3,64.6,10.9,8.7
2010-01-01,58.5,64.8,11.0,8.4
2010-02-01,58.5,64.9,10.9,8.6
2010-03-01,58.5,64.9,10.9,8.7
2010-04-01,58.7,65.2,10.9,8.8
2010-05-01,58.6,64.9,10.4,8.8
2010-06-01,58.5,64.6,10.4,8.3
2010-07-01,58.5,64.6,10.3,8.5
2010-08-01,58.6,64.7,10.3,8.6
2010-09-01,58.5,64.6,10.2,8.6
2010-10-01,58.3,64.4,10.1,8.7
2010-11-01,58.2,64.6,10.5,9.0
2010-12-01,58.3,64.3,10.0,8.5
2011-01-01,58.3,64.2,9.7,8.5
2011-02-01,58.4,64.1,9.5,8.5
2011-03-01,58.4,64.2,9.5,8.4
2011-04-01,58.4,64.2,9.6,8.5
2011-05-01,58.3,64.1,9.5,8.5
2011-06-01,58.2,64.0,9.6,8.5
2011-07-01,58.2,64.0,9.5,8.4
2011-08-01,58.3,64.1,9.4,8.5
2011-09-01,58.4,64.2,9.3,8.7
2011-10-01,58.4,64.1,9.2,8.4
2011-11-01,58.6,64.1,8.9,8.3
2011-12-01,58.6,64.0,8.7,8.3
2012-01-01,58.4,63.7,8.4,8.2
2012-02-01,58.5,63.8,8.4,8.1
2012-03-01,58.5,63.8,8.4,8.0
2012-04-01,58.4,63.7,8.3,8.0
2012-05-01,58.5,63.7,8.4,7.9
2012-06-01,58.6,63.8,8.4,7.9
2012-07-01,58.5,63.7,8.3,8.0
2012-08-01,58.4,63.5,8.3,7.8
2012-09-01,58.7,63.6,8.0,7.6
2012-10-01,58.8,63.8,7.9,7.6
2012-11-01,58.7,63.6,7.9,7.6
2012-12-01,58.7,63.7,7.9,7.9
2013-01-01,58.6,63.7,8.2,7.8
2013-02-01,58.6,63.4,7.8,7.6
2013-03-01,58.5,63.3,7.6,7.5
2013-04-01,58.6,63.4,7.8,7.3
2013-05-01,58.6,63.4,7.9,7.1
2013-06-01,58.6,63.4,7.7,7.3
2013-07-01,58.7,63.3,7.7,6.8
2013-08-01,58.7,63.3,7.7,6.7
2013-09-01,58.7,63.2,7.7,6.7
2013-10-01,58.3,62.8,7.5,6.8
2013-11-01,58.6,63.0,7.2,6.7
2013-12-01,58.7,62.9,6.8,6.6
2014-01-01,58.8,62.9,6.8,6.3
2014-02-01,58.7,62.9,6.9,6.4
2014-03-01,58.9,63.1,6.7,6.6
2014-04-01,58.9,62.8,6.4,6.1
2014-05-01,58.9,62.9,6.4,6.2
2014-06-01,59.0,62.8,6.3,5.8
2014-07-01,59.0,62.9,6.2,6.1
2014-08-01,59.0,62.9,6.3,6.0
2014-09-01,59.1,62.8,5.9,6.0
2014-10-01,59.3,62.9,5.6,5.9
2014-11-01,59.2,62.9,5.9,5.8
2014-12-01,59.3,62.8,5.7,5.4
2015-01-01,59.3,62.9,5.8,5.5
2015-02-01,59.2,62.7,5.6,5.3
2015-03-01,59.2,62.6,5.6,5.3
2015-04-01,59.3,62.8,5.5,5.4
2015-05-01,59.4,62.9,5.7,5.5
2015-06-01,59.4,62.7,5.3,5.1
2015-07-01,59.3,62.6,5.2,5.2
2015-08-01,59.4,62.6,5.1,5.0
2015-09-01,59.2,62.4,5.1,5.0
2015-10-01,59.3,62.5,5.1,5.0
2015-11-01,59.4,62.5,5.2,5.0
2015-12-01,59.6,62.7,5.1,4.9
2016-01-01,59.7,62.7,4.8,4.9
2016-02-01,59.8,62.8,4.9,4.8
2016-03-01,59.8,63.0,4.9,5.1
2016-04-01,59.7,62.9,5.1,5.0
2016-05-01,59.7,62.7,4.8,4.8
2016-06-01,59.7,62.7,4.9,4.8
2016-07-01,59.8,62.8,5.0,4.5
2016-08-01,59.8,62.9,5.0,4.8
2016-09-01,59.7,62.9,5.1,4.8
2016-10-01,59.7,62.8,5.0,4.7
2016-11-01,59.7,62.7,4.9,4.6
2016-12-01,59.7,62.7,4.8,4.6
2017-01-01,59.9,62.8,4.7,4.7
2017-02-01,60.0,62.9,4.6,4.6
2017-03-01,60.2,62.9,4.5,4.3
2017-04-01,60.2,63.0,4.4,4.5
2017-05-01,60.1,62.8,4.3,4.4
2017-06-01,60.1,62.8,4.3,4.3
2017-07-01,60.2,62.9,4.4,4.2
2017-08-01,60.1,62.9,4.5,4.3
2017-09-01,60.4,63.1,4.3,4.2
2017-10-01,60.1,62.7,4.3,4.0
2017-11-01,60.1,62.7,4.3,4.1
2017-12-01,60.1,62.7,4.2,4.1
2018-01-01,60.1,62.7,4.1,4.0
2018-02-01,60.4,63.0,4.0,4.1
2018-03-01,60.4,62.9,4.0,4.0
2018-04-01,60.4,62.9,4.1,3.9
2018-05-01,60.5,62.9,4.0,3.6
2018-06-01,60.5,63.0,4.1,3.9
2018-07-01,60.6,63.0,3.8,3.9
2018-08-01,60.3,62.6,3.8,3.8
2018-09-01,60.4,62.8,3.8,3.6
2018-10-01,60.5,62.9,3.9,3.7
2018-11-01,60.6,62.9,3.7,3.8
2018-12-01,60.6,63.0,4.0,3.8
2019-01-01,60.6,63.1,4.0,3.9
2019-02-01,60.7,63.1,3.7,3.8
2019-03-01,60.6,63.0,3.9,3.7
2019-04-01,60.5,62.8,3.8,3.5
2019-05-01,60.6,62.9,3.7,3.6
2019-06-01,60.7,63.0,3.7,3.6
2019-07-01,60.8,63.1,3.7,3.7
2019-08-01,60.8,63.1,3.7,3.5
2019-09-01,61.0,63.2,3.6,3.4
2019-10-01,61.0,63.3,3.7,3.4
2019-11-01,61.0,63.3,3.6,3.6
2019-12-01,61.1,63.3,3.5,3.6
2020-01-01,61.1,63.3,3.5,3.6
2020-02-01,61.1,63.3,3.5,3.5
2020-03-01,59.8,62.6,4.4,4.4
2020-04-01,51.2,60.1,13.5,16.2
2020-05-01,52.7,60.8,12.1,14.5
2020-06-01,54.7,61.5,10.5,11.6
2020-07-01,55.2,61.5,9.8,10.7
2020-08-01,56.5,61.7,8.2,8.6
2020-09-01,56.6,61.4,7.6,8.1
2020-10-01,57.5,61.7,7.1,6.7
2020-11-01,57.4,61.5,6.9,6.4
2020-12-01,57.4,61.5,6.7,6.7
2021-01-01,57.4,61.4,6.4,6.4
2021-02-01,57.6,61.4,6.4,6.1
2021-03-01,57.7,61.5,6.2,5.9
2021-04-01,57.9,61.6,6.2,5.9
2021-05-01,58.0,61.6,6.0,5.5
2021-06-01,58.1,61.7,6.0,5.7
2021-07-01,58.4,61.8,5.6,5.2
2021-08-01,58.6,61.7,5.3,4.9
2021-09-01,58.8,61.7,4.9,4.5
2021-10-01,59.0,61.8,4.5,4.5
2021-11-01,59.4,61.9,4.1,4.2
2021-12-01,59.5,62.0,4.0,3.9
2022-01-01,59.7,62.2,4.0,4.0
2022-02-01,59.8,62.2,3.8,3.9
2022-03-01,60.1,62.3,3.7,3.6
2022-04-01,59.9,62.2,3.8,3.5
2022-05-01,60.1,62.3,3.6,3.7
2022-06-01,59.9,62.2,3.7,3.6
2022-07-01,59.9,62.1,3.6,3.4
2022-08-01,60.1,62.3,3.7,3.5
2022-09-01,60.1,62.3,3.6,3.5
2022-10-01,60.0,62.2,3.6,3.6
2022-11-01,59.9,62.1,3.7,3.6
2022-12-01,60.1,62.3,3.5,3.5
2023-01-01,60.2,62.4,3.6,3.3
2023-02-01,60.3,62.5,3.6,3.5
2023-03-01,60.4,62.6,3.6,3.4
2023-04-01,60.4,62.6,3.5,3.4
2023-05-01,60.3,62.6,3.7,3.6
2023-06-01,60.3,62.6,3.7,3.4
2023-07-01,60.4,62.6,3.7,3.3
2023-08-01,60.4,62.8,4.0,3.5
2023-09-01,60.4,62.7,4.1,3.4
2023-10-01,60.2,62.7,4.1,3.6
2023-11-01,60.4,62.8,4.0,3.4
2023-12-01,60.1,62.5,3.9,3.6
2024-01-01,60.2,62.5,3.9,3.4
2024-02-01,60.1,62.6,3.8,3.9
2024-03-01,60.3,62.7,3.8,3.9
2024-04-01,60.2,62.7,3.9,3.8
2024-05-01,60.1,62.6,4.2,3.7
2024-06-01,60.0,62.6,4.1,4.0
2024-07-01,60.0,62.7,4.3,4.1
2024-08-01,60.0,62.7,4.3,4.1
2024-09-01,60.1,62.7,4.2,3.9
2024-10-01,60.0,62.5,4.2,4.0
2024-11-01,59.8,62.5,4.3,4.2
2024-12-01,60.0,62.5,4.1,4.1
2025-01-01,60.1,62.6,4.0,4.0
2025-02-01,59.9,62.4,4.2,4.1
2025-03-01,59.9,62.5,4.2,4.1
2025-04-01,60.0,62.6,4.4,4.0
2025-05-01,59.7,62.4,4.3,4.2
2025-06-01,59.7,62.3,4.3,3.9
2025-07-01,59.6,62.2,4.4,4.1
2025-08-01,59.6,62.3,4.4,4.2
